ip, state, numofp
59.66.3.1,up,4
59.66.3.25,up,16
59.66.3.33,up,2
59.66.3.35,up,3
59.66.3.40,up,0
59.66.3.105,up,0
59.66.3.106,up,3
59.66.3.253,up,5
59.66.4.41,up,6
59.66.4.42,up,4
59.66.4.49,up,6
59.66.4.50,up,0
59.66.4.57,up,0
59.66.4.58,up,4
59.66.4.101,up,6
59.66.4.102,up,2
59.66.4.105,up,6
59.66.4.106,up,2
59.66.4.121,up,0
59.66.4.122,up,2
59.66.4.133,up,6
59.66.4.134,up,0
59.66.4.141,up,6
59.66.4.142,up,4
59.66.4.153,up,5
59.66.4.154,up,7
59.66.4.157,up,5
59.66.4.158,up,7
59.66.4.177,up,6
59.66.4.178,up,1
59.66.4.181,up,5
59.66.4.182,up,1
59.66.8.69,up,6
59.66.8.70,up,1
59.66.8.73,up,6
59.66.8.74,up,1
59.66.8.121,up,5
59.66.8.122,up,2
59.66.8.145,up,5
59.66.8.146,up,5
59.66.8.209,up,6
59.66.8.210,up,2
59.66.9.121,up,5
59.66.9.122,up,3
59.66.9.209,up,5
59.66.9.210,up,2
59.66.12.1,up,5
59.66.12.3,up,7
59.66.12.8,up,3
59.66.12.10,up,4
59.66.12.14,up,9
59.66.12.15,up,10
59.66.12.26,up,15
59.66.12.32,up,14
59.66.12.38,up,2
59.66.12.40,up,7
59.66.12.41,up,2
59.66.12.43,up,11
59.66.12.44,up,4
59.66.12.49,up,6
59.66.12.55,up,2
59.66.12.56,up,2
59.66.12.74,up,2
59.66.12.84,up,11
59.66.12.104,up,2
59.66.12.108,up,8
59.66.14.1,up,5
59.66.14.6,up,2
59.66.16.111,up,8
59.66.17.0,up,1
59.66.17.1,up,3
59.66.17.2,up,2
59.66.17.3,up,1
59.66.17.5,up,2
59.66.17.41,up,2
59.66.17.42,up,15
59.66.17.45,up,15
59.66.17.84,up,1
59.66.17.86,up,3
59.66.17.87,up,1
59.66.17.105,up,3
59.66.18.1,up,2
59.66.18.13,up,0
59.66.18.14,up,0
59.66.18.24,up,0
59.66.18.25,up,0
59.66.18.26,up,0
59.66.18.27,up,0
59.66.18.72,up,0
59.66.18.73,up,0
59.66.18.74,up,0
59.66.18.75,up,0
59.66.18.76,up,0
59.66.18.81,up,0
59.66.18.84,up,0
59.66.18.86,up,0
59.66.18.88,up,0
59.66.18.95,up,0
59.66.18.112,up,3
59.66.18.113,up,3
59.66.18.124,up,18
59.66.18.125,up,15
59.66.18.126,up,18
59.66.21.0,up,0
59.66.21.1,up,3
59.66.21.3,up,4
59.66.24.1,up,2
59.66.24.253,up,18
59.66.24.254,up,18
59.66.33.79,up,3
59.66.41.1,up,5
59.66.41.2,up,5
59.66.41.3,up,2
59.66.41.4,up,2
59.66.41.5,up,2
59.66.41.7,up,2
59.66.41.8,up,2
59.66.41.9,up,2
59.66.41.10,up,2
59.66.41.11,up,5
59.66.41.12,up,2
59.66.41.13,up,2
59.66.41.14,up,2
59.66.41.15,up,2
59.66.41.16,up,2
59.66.41.17,up,2
59.66.41.18,up,2
59.66.41.20,up,2
59.66.41.22,up,2
59.66.41.23,up,2
59.66.41.24,up,2
59.66.41.30,up,5
59.66.41.40,up,2
59.66.41.78,up,2
59.66.41.82,up,2
59.66.41.98,up,7
59.66.41.205,up,3
59.66.41.209,up,2
59.66.41.226,up,4
59.66.41.252,up,2
59.66.42.1,up,5
59.66.42.2,up,2
59.66.42.3,up,2
59.66.42.4,up,2
59.66.42.5,up,2
59.66.42.6,up,2
59.66.42.7,up,2
59.66.42.8,up,2
59.66.42.9,up,2
59.66.42.10,up,2
59.66.42.11,up,2
59.66.42.12,up,2
59.66.42.14,up,2
59.66.42.15,up,2
59.66.42.110,up,2
59.66.42.114,up,2
59.66.42.128,up,2
59.66.42.133,up,2
59.66.42.145,up,2
59.66.42.149,up,2
59.66.42.162,up,2
59.66.42.171,up,2
59.66.42.174,up,2
59.66.42.182,up,2
59.66.42.186,up,2
59.66.42.196,up,4
59.66.42.219,up,2
59.66.42.223,up,0
59.66.43.1,up,5
59.66.43.17,up,2
59.66.43.18,up,2
59.66.43.19,up,2
59.66.43.20,up,2
59.66.43.22,up,2
59.66.43.23,up,2
59.66.43.24,up,2
59.66.44.202,up,9
59.66.44.219,up,0
59.66.44.223,up,1
59.66.44.244,up,0
59.66.45.8,up,0
59.66.45.18,up,1
59.66.45.26,up,0
59.66.45.31,up,7
59.66.45.52,up,3
59.66.45.135,up,0
59.66.45.241,up,0
59.66.46.10,up,0
59.66.46.102,up,0
59.66.46.130,up,0
59.66.46.160,up,0
59.66.46.174,up,0
59.66.48.1,up,5
59.66.48.10,up,0
59.66.48.12,up,1
59.66.48.14,up,0
59.66.48.15,up,0
59.66.48.20,up,0
59.66.48.25,up,3
59.66.48.27,up,1
59.66.48.30,up,0
59.66.48.37,up,0
59.66.48.38,up,1
59.66.48.48,up,0
59.66.48.66,up,0
59.66.48.69,up,11
59.66.48.75,up,0
59.66.48.76,up,0
59.66.48.81,up,2
59.66.48.95,up,1
59.66.48.101,up,3
59.66.48.110,up,1
59.66.48.113,up,10
59.66.48.120,up,0
59.66.48.131,up,0
59.66.48.141,up,0
59.66.48.143,up,0
59.66.48.144,up,0
59.66.48.150,up,1
59.66.48.152,up,0
59.66.48.163,up,0
59.66.48.166,up,1
59.66.48.169,up,0
59.66.48.177,up,0
59.66.48.185,up,0
59.66.48.188,up,0
59.66.48.200,up,0
59.66.48.206,up,0
59.66.48.214,up,3
59.66.48.218,up,0
59.66.48.220,up,0
59.66.48.222,up,0
59.66.48.233,up,3
59.66.48.240,up,1
59.66.48.243,up,0
59.66.48.251,up,0
59.66.49.3,up,0
59.66.49.10,up,7
59.66.49.19,up,0
59.66.49.31,up,0
59.66.49.48,up,2
59.66.49.51,up,0
59.66.49.54,up,0
59.66.49.64,up,1
59.66.49.81,up,0
59.66.49.85,up,0
59.66.49.106,up,13
59.66.49.117,up,0
59.66.49.121,up,0
59.66.49.142,up,3
59.66.49.208,up,0
59.66.49.238,up,1
59.66.49.245,up,0
59.66.50.15,up,0
59.66.50.30,up,3
59.66.50.101,up,0
59.66.50.171,up,4
59.66.50.172,up,0
59.66.50.174,up,0
59.66.50.200,up,0
59.66.50.219,up,0
59.66.50.234,up,6
59.66.51.174,up,4
59.66.52.1,up,5
59.66.52.14,up,0
59.66.52.23,up,3
59.66.52.24,up,0
59.66.52.25,up,0
59.66.52.28,up,1
59.66.52.30,up,1
59.66.52.31,up,0
59.66.52.36,up,0
59.66.52.39,up,0
59.66.53.189,up,0
59.66.53.210,up,0
59.66.54.44,up,1
59.66.54.47,up,0
59.66.54.50,up,0
59.66.54.77,up,0
59.66.54.101,up,3
59.66.54.112,up,0
59.66.54.141,up,0
59.66.54.174,up,0
59.66.54.212,up,0
59.66.54.214,up,5
59.66.54.218,up,0
59.66.54.230,up,0
59.66.55.69,up,0
59.66.55.77,up,0
59.66.55.86,up,3
59.66.56.1,up,5
59.66.56.9,up,2
59.66.56.11,up,2
59.66.56.20,up,2
59.66.56.40,up,2
59.66.56.64,up,2
59.66.56.65,up,3
59.66.56.76,up,2
59.66.56.77,up,4
59.66.56.82,up,2
59.66.56.87,up,2
59.66.56.92,up,2
59.66.56.94,up,2
59.66.56.105,up,3
59.66.56.106,up,2
59.66.56.108,up,2
59.66.56.131,up,2
59.66.56.134,up,2
59.66.56.137,up,2
59.66.56.165,up,2
59.66.56.176,up,4
59.66.56.182,up,4
59.66.56.185,up,2
59.66.56.195,up,2
59.66.56.209,up,2
59.66.56.235,up,2
59.66.56.238,up,2
59.66.57.11,up,2
59.66.57.30,up,2
59.66.57.51,up,2
59.66.57.64,up,3
59.66.57.67,up,4
59.66.57.69,up,10
59.66.57.79,up,2
59.66.57.100,up,2
59.66.57.104,up,2
59.66.57.113,up,4
59.66.57.117,up,2
59.66.57.121,up,4
59.66.57.194,up,4
59.66.57.200,up,2
59.66.57.247,up,2
59.66.58.1,up,6
59.66.58.4,up,0
59.66.58.21,up,0
59.66.58.28,up,1
59.66.58.33,up,0
59.66.58.36,up,1
59.66.58.37,up,2
59.66.58.38,up,0
59.66.58.43,up,1
59.66.58.44,up,0
59.66.58.49,up,1
59.66.58.56,up,4
59.66.58.59,up,0
59.66.58.87,up,0
59.66.58.148,up,3
59.66.58.201,up,1
59.66.58.224,up,0
59.66.58.225,up,0
59.66.60.1,up,10
59.66.60.4,up,2
59.66.60.11,up,2
59.66.60.13,up,4
59.66.60.16,up,2
59.66.60.18,up,2
59.66.60.22,up,2
59.66.60.28,up,2
59.66.60.35,up,10
59.66.60.39,up,3
59.66.60.48,up,2
59.66.60.56,up,2
59.66.60.68,up,2
59.66.60.72,up,5
59.66.60.94,up,4
59.66.60.96,up,2
59.66.60.112,up,2
59.66.60.123,up,2
59.66.60.134,up,3
59.66.60.135,up,2
59.66.60.155,up,2
59.66.60.160,up,11
59.66.60.185,up,2
59.66.60.186,up,2
59.66.60.194,up,2
59.66.60.205,up,2
59.66.60.217,up,5
59.66.60.233,up,2
59.66.60.249,up,2
59.66.60.251,up,2
59.66.61.26,up,4
59.66.61.31,up,4
59.66.61.33,up,10
59.66.61.52,up,2
59.66.61.54,up,12
59.66.61.55,up,2
59.66.61.69,up,18
59.66.61.76,up,2
59.66.61.83,up,3
59.66.61.85,up,2
59.66.61.86,up,2
59.66.61.96,up,2
59.66.61.128,up,2
59.66.61.134,up,2
59.66.61.135,up,2
59.66.61.141,up,2
59.66.61.147,up,2
59.66.61.148,up,2
59.66.61.169,up,2
59.66.61.184,up,2
59.66.61.185,up,2
59.66.61.199,up,2
59.66.61.202,up,2
59.66.61.211,up,2
59.66.61.215,up,4
59.66.61.250,up,4
59.66.62.8,up,4
59.66.62.19,up,2
59.66.62.61,up,2
59.66.62.162,up,4
59.66.62.205,up,3
59.66.62.235,up,2
59.66.63.26,up,4
59.66.63.37,up,0
59.66.63.46,up,3
59.66.63.67,up,5
59.66.63.79,up,3
59.66.63.143,up,2
59.66.63.149,up,2
59.66.63.153,up,3
59.66.68.1,up,1
59.66.68.8,up,0
59.66.68.12,up,10
59.66.68.17,up,0
59.66.68.18,up,0
59.66.68.27,up,0
59.66.68.29,up,0
59.66.68.34,up,0
59.66.68.45,up,0
59.66.68.53,up,0
59.66.68.55,up,0
59.66.68.105,up,0
59.66.74.35,up,5
59.66.80.12,up,2
59.66.80.151,up,4
59.66.80.160,up,2
59.66.80.162,up,3
59.66.80.169,up,4
59.66.80.184,up,2
59.66.80.246,up,2
59.66.81.1,up,5
59.66.81.129,up,5
59.66.81.140,up,5
59.66.81.151,up,3
59.66.81.152,up,3
59.66.81.153,up,15
59.66.81.155,up,2
59.66.81.173,up,4
59.66.81.175,up,2
59.66.81.178,up,2
59.66.81.185,up,2
59.66.81.200,up,2
59.66.82.1,up,5
59.66.82.2,up,5
59.66.82.3,up,2
59.66.82.4,up,2
59.66.82.5,up,2
59.66.82.6,up,2
59.66.82.7,up,2
59.66.82.8,up,2
59.66.82.9,up,2
59.66.82.10,up,2
59.66.82.11,up,2
59.66.82.12,up,2
59.66.82.13,up,2
59.66.82.14,up,2
59.66.83.1,up,5
59.66.83.2,up,5
59.66.83.3,up,2
59.66.83.5,up,2
59.66.83.6,up,2
59.66.83.7,up,2
59.66.83.8,up,2
59.66.83.9,up,2
59.66.83.10,up,2
59.66.83.11,up,2
59.66.83.14,up,4
59.66.83.24,up,2
59.66.83.25,up,2
59.66.83.28,up,2
59.66.83.31,up,2
59.66.83.40,up,2
59.66.83.47,up,2
59.66.83.68,up,2
59.66.83.80,up,2
59.66.83.129,up,5
59.66.84.1,up,5
59.66.86.141,up,4
59.66.86.142,up,1
59.66.86.143,up,1
59.66.86.145,up,1
59.66.86.146,up,1
59.66.86.147,up,1
59.66.86.148,up,4
59.66.86.149,up,1
59.66.86.150,up,1
59.66.86.157,up,1
59.66.86.158,up,1
59.66.86.193,up,2
59.66.86.236,up,2
59.66.86.237,up,2
59.66.86.239,up,2
59.66.86.253,up,2
59.66.88.1,up,5
59.66.88.2,up,5
59.66.88.3,up,2
59.66.88.4,up,2
59.66.88.5,up,2
59.66.88.6,up,2
59.66.88.7,up,2
59.66.88.8,up,2
59.66.88.9,up,4
59.66.88.14,up,2
59.66.88.27,up,2
59.66.88.40,up,2
59.66.88.129,up,5
59.66.88.131,up,2
59.66.88.133,up,2
59.66.88.134,up,2
59.66.88.144,up,9
59.66.88.148,up,2
59.66.88.154,up,2
59.66.88.156,up,28
59.66.88.157,up,2
59.66.88.164,up,3
59.66.89.1,up,5
59.66.89.11,up,3
59.66.89.13,up,2
59.66.89.19,up,2
59.66.89.89,up,2
59.66.89.129,up,5
59.66.89.148,up,12
59.66.89.151,up,11
59.66.89.152,up,3
59.66.89.190,up,2
59.66.89.195,up,2
59.66.89.203,up,5
59.66.90.1,up,5
59.66.90.2,up,5
59.66.90.3,up,2
59.66.106.1,up,5
59.66.106.6,up,3
59.66.106.11,up,8
59.66.106.13,up,6
59.66.106.15,up,2
59.66.106.18,up,2
59.66.106.56,up,5
59.66.107.1,up,5
59.66.107.129,up,5
59.66.108.1,up,5
59.66.109.1,up,5
59.66.109.5,up,2
59.66.109.9,up,1000
59.66.109.10,up,2
59.66.109.36,up,4
59.66.109.46,up,6
59.66.110.1,up,5
59.66.110.133,up,2
59.66.110.134,up,2
59.66.110.137,up,11
59.66.110.140,up,14
59.66.110.141,up,10
59.66.110.151,up,2
59.66.110.152,up,2
59.66.110.155,up,6
59.66.110.157,up,2
59.66.110.158,up,2
59.66.110.162,up,12
59.66.110.164,up,9
59.66.110.165,up,2
59.66.110.171,up,3
59.66.110.174,up,17
59.66.110.193,up,8
59.66.110.203,up,2
59.66.110.210,up,9
59.66.111.1,up,5
59.66.112.1,up,5
59.66.112.7,up,2
59.66.112.8,up,2
59.66.112.20,up,2
59.66.112.23,up,2
59.66.112.25,up,2
59.66.112.43,up,2
59.66.112.51,up,5
59.66.112.55,up,6
59.66.112.57,up,2
59.66.130.56,up,0
59.66.130.57,up,0
59.66.130.64,up,2
59.66.130.87,up,0
59.66.131.1,up,5
59.66.131.2,up,1
59.66.131.3,up,1
59.66.131.4,up,1
59.66.131.5,up,1
59.66.131.6,up,1
59.66.131.7,up,1
59.66.131.8,up,1
59.66.131.9,up,1
59.66.131.10,up,1
59.66.131.11,up,1
59.66.131.13,up,0
59.66.131.17,up,0
59.66.131.18,up,0
59.66.131.21,up,1
59.66.131.23,up,5
59.66.131.28,up,2
59.66.131.30,up,2
59.66.131.43,up,0
59.66.131.46,up,0
59.66.131.48,up,2
59.66.131.72,up,3
59.66.131.100,up,3
59.66.131.104,up,16
59.66.131.241,up,1
59.66.131.242,up,7
59.66.131.244,up,11
59.66.131.245,up,1
59.66.131.247,up,6
59.66.131.248,up,0
59.66.132.1,up,5
59.66.132.2,up,1
59.66.132.3,up,1
59.66.132.4,up,1
59.66.132.5,up,1
59.66.132.6,up,1
59.66.132.7,up,1
59.66.132.8,up,1
59.66.132.9,up,1
59.66.132.10,up,1
59.66.132.13,up,5
59.66.132.15,up,1
59.66.132.16,up,1
59.66.132.17,up,1
59.66.132.23,up,0
59.66.132.24,up,0
59.66.132.27,up,0
59.66.132.29,up,13
59.66.132.35,up,12
59.66.132.39,up,9
59.66.132.47,up,0
59.66.132.49,up,0
59.66.132.58,up,6
59.66.132.70,up,0
59.66.132.82,up,11
59.66.132.89,up,4
59.66.133.1,up,5
59.66.133.2,up,2
59.66.133.3,up,2
59.66.133.4,up,2
59.66.133.5,up,2
59.66.133.6,up,2
59.66.133.7,up,2
59.66.133.8,up,2
59.66.133.9,up,2
59.66.133.10,up,2
59.66.133.18,up,2
59.66.133.22,up,2
59.66.133.29,up,4
59.66.133.39,up,9
59.66.133.41,up,2
59.66.133.45,up,4
59.66.133.254,up,5
59.66.134.1,up,5
59.66.134.2,up,2
59.66.134.3,up,2
59.66.134.4,up,2
59.66.134.5,up,2
59.66.134.6,up,2
59.66.134.7,up,2
59.66.134.8,up,2
59.66.134.9,up,2
59.66.134.10,up,2
59.66.134.11,up,2
59.66.134.12,up,2
59.66.134.15,up,2
59.66.134.17,up,2
59.66.134.19,up,2
59.66.134.23,up,2
59.66.134.38,up,7
59.66.134.81,up,11
59.66.135.1,up,5
59.66.135.2,up,2
59.66.135.3,up,2
59.66.135.4,up,2
59.66.135.5,up,2
59.66.135.6,up,2
59.66.135.7,up,2
59.66.135.8,up,2
59.66.135.9,up,2
59.66.135.15,up,1
59.66.135.17,up,2
59.66.135.18,up,2
59.66.135.19,up,6
59.66.135.22,up,6
59.66.136.1,up,5
59.66.136.2,up,2
59.66.136.3,up,2
59.66.136.4,up,2
59.66.136.5,up,2
59.66.136.6,up,2
59.66.136.7,up,2
59.66.136.8,up,2
59.66.136.9,up,2
59.66.136.10,up,2
59.66.136.11,up,2
59.66.136.18,up,2
59.66.136.25,up,12
59.66.136.67,up,7
59.66.137.1,up,5
59.66.137.2,up,2
59.66.137.3,up,2
59.66.137.4,up,2
59.66.137.5,up,2
59.66.137.6,up,2
59.66.137.7,up,2
59.66.137.8,up,2
59.66.137.9,up,2
59.66.137.10,up,2
59.66.137.11,up,2
59.66.137.15,up,8
59.66.137.16,up,9
59.66.137.19,up,6
59.66.137.20,up,3
59.66.137.27,up,2
59.66.137.38,up,2
59.66.137.50,up,14
59.66.137.55,up,3
59.66.137.78,up,5
59.66.137.119,up,5
59.66.137.147,up,15
59.66.138.1,up,5
59.66.138.2,up,2
59.66.138.3,up,2
59.66.138.4,up,2
59.66.138.5,up,2
59.66.138.6,up,2
59.66.138.8,up,2
59.66.138.9,up,2
59.66.138.10,up,2
59.66.138.11,up,2
59.66.138.17,up,6
59.66.138.21,up,2
59.66.138.23,up,10
59.66.138.26,up,3
59.66.138.36,up,2
59.66.138.42,up,7
59.66.138.49,up,12
59.66.138.59,up,10
59.66.138.61,up,7
59.66.138.63,up,8
59.66.138.74,up,2
59.66.138.84,up,3
59.66.139.1,up,5
59.66.139.2,up,2
59.66.139.3,up,2
59.66.139.5,up,2
59.66.139.6,up,2
59.66.139.7,up,2
59.66.139.8,up,2
59.66.139.9,up,2
59.66.139.10,up,2
59.66.139.15,up,2
59.66.139.23,up,20
59.66.140.1,up,5
59.66.140.2,up,2
59.66.140.3,up,2
59.66.140.4,up,2
59.66.140.5,up,2
59.66.140.6,up,2
59.66.140.7,up,2
59.66.140.8,up,2
59.66.140.9,up,2
59.66.140.10,up,2
59.66.140.33,up,7
59.66.140.40,up,7
59.66.140.71,up,9
59.66.141.1,up,5
59.66.141.2,up,2
59.66.141.3,up,2
59.66.141.4,up,2
59.66.141.5,up,2
59.66.141.6,up,2
59.66.141.7,up,2
59.66.141.8,up,2
59.66.141.9,up,2
59.66.141.10,up,2
59.66.141.15,up,3
59.66.141.27,up,2
59.66.141.31,up,2
59.66.141.46,up,28
59.66.141.48,up,5
59.66.141.55,up,9
59.66.142.1,up,5
59.66.142.2,up,2
59.66.142.3,up,2
59.66.142.4,up,2
59.66.142.5,up,2
59.66.142.7,up,2
59.66.142.8,up,2
59.66.142.9,up,2
59.66.142.10,up,2
59.66.142.11,up,2
59.66.142.24,up,11
59.66.142.33,up,2
59.66.142.35,up,2
59.66.143.1,up,5
59.66.143.2,up,2
59.66.143.3,up,2
59.66.143.4,up,2
59.66.143.5,up,2
59.66.143.16,up,2
59.66.143.25,up,7
59.66.143.36,up,2
59.66.143.38,up,4
59.66.143.49,up,12
59.66.144.1,up,5
59.66.144.2,up,2
59.66.144.3,up,2
59.66.144.4,up,2
59.66.144.5,up,2
59.66.144.6,up,2
59.66.144.7,up,2
59.66.144.8,up,2
59.66.144.9,up,2
59.66.144.10,up,2
59.66.144.11,up,2
59.66.144.14,up,2
59.66.144.29,up,3
59.66.144.31,up,2
59.66.144.36,up,2
59.66.144.45,up,1
59.66.145.1,up,5
59.66.145.2,up,2
59.66.145.3,up,2
59.66.145.4,up,2
59.66.145.5,up,2
59.66.145.6,up,2
59.66.145.8,up,2
59.66.145.9,up,2
59.66.145.10,up,2
59.66.145.11,up,2
59.66.145.39,up,5
59.66.146.1,up,5
59.66.146.2,up,2
59.66.146.3,up,2
59.66.146.4,up,2
59.66.146.5,up,2
59.66.146.6,up,2
59.66.146.9,up,2
59.66.146.10,up,2
59.66.146.11,up,2
59.66.148.1,up,5
59.66.148.2,up,2
59.66.148.3,up,2
59.66.148.4,up,2
59.66.148.5,up,2
59.66.148.6,up,2
59.66.148.7,up,2
59.66.148.8,up,2
59.66.148.9,up,2
59.66.148.10,up,2
59.66.148.11,up,2
59.66.148.14,up,2
59.66.148.23,up,12
59.66.148.27,up,2
59.66.148.28,up,2
59.66.149.1,up,5
59.66.149.2,up,2
59.66.149.3,up,2
59.66.149.4,up,2
59.66.149.5,up,2
59.66.149.6,up,2
59.66.149.7,up,2
59.66.149.8,up,2
59.66.149.9,up,2
59.66.149.10,up,2
59.66.149.11,up,2
59.66.149.12,up,5
59.66.149.14,up,9
59.66.150.1,up,5
59.66.150.2,up,2
59.66.152.77,up,15
59.66.178.2,up,1
59.66.178.3,up,1
59.66.178.4,up,1
59.66.178.5,up,1
59.66.178.6,up,1
59.66.178.7,up,1
59.66.178.8,up,1
59.66.178.9,up,1
59.66.178.10,up,1
59.66.178.11,up,1
59.66.179.1,up,5
59.66.179.2,up,1
59.66.179.3,up,1
59.66.179.4,up,1
59.66.179.5,up,1
59.66.179.6,up,1
59.66.179.7,up,1
59.66.179.8,up,1
59.66.179.9,up,1
59.66.179.10,up,1
59.66.179.11,up,1
59.66.179.23,up,3
59.66.179.24,up,2
59.66.179.26,up,0
59.66.180.1,up,5
59.66.180.2,up,1
59.66.180.16,up,0
59.66.181.1,up,5
59.66.181.2,up,2
59.66.181.3,up,2
59.66.181.4,up,2
59.66.181.5,up,2
59.66.181.6,up,2
59.66.181.7,up,2
59.66.181.8,up,2
59.66.181.9,up,2
59.66.181.10,up,2
59.66.181.11,up,2
59.66.181.12,up,5
59.66.181.15,up,2
59.66.181.17,up,3
59.66.181.19,up,10
59.66.182.1,up,5
59.66.182.2,up,2
59.66.182.3,up,2
59.66.182.4,up,2
59.66.182.5,up,2
59.66.182.6,up,2
59.66.182.7,up,2
59.66.182.8,up,2
59.66.182.9,up,2
59.66.182.10,up,2
59.66.182.11,up,2
59.66.182.15,up,2
59.66.182.24,up,3
59.66.183.1,up,5
59.66.183.2,up,2
59.66.183.3,up,2
59.66.183.4,up,2
59.66.183.5,up,2
59.66.183.6,up,2
59.66.184.1,up,5
59.66.184.2,up,1
59.66.184.3,up,1
59.66.184.4,up,1
59.66.184.5,up,1
59.66.184.6,up,1
59.66.184.7,up,1
59.66.184.8,up,1
59.66.184.9,up,1
59.66.184.10,up,1
59.66.184.11,up,1
59.66.184.14,up,0
59.66.185.1,up,5
59.66.185.2,up,1
59.66.185.3,up,1
59.66.185.4,up,1
59.66.185.5,up,1
59.66.185.6,up,1
59.66.185.7,up,1
59.66.185.8,up,1
59.66.185.9,up,1
59.66.185.10,up,1
59.66.185.11,up,1
59.66.185.14,up,0
59.66.185.16,up,5
59.66.185.19,up,2
59.66.185.22,up,0
59.66.185.24,up,1
59.66.186.1,up,5
59.66.186.2,up,1
59.66.186.3,up,1
59.66.186.4,up,1
59.66.186.5,up,1
59.66.186.6,up,1
59.66.186.7,up,1
59.66.186.8,up,1
59.66.186.9,up,1
59.66.186.10,up,1
59.66.186.11,up,1
59.66.186.20,up,3
59.66.186.21,up,1
59.66.187.1,up,5
59.66.187.2,up,1
59.66.187.3,up,1
59.66.187.4,up,1
59.66.187.5,up,1
59.66.187.6,up,1
59.66.187.14,up,0
59.66.188.1,up,5
59.66.188.2,up,2
59.66.188.3,up,2
59.66.188.4,up,2
59.66.188.5,up,2
59.66.188.6,up,2
59.66.188.7,up,2
59.66.188.8,up,2
59.66.188.9,up,2
59.66.188.10,up,2
59.66.188.11,up,2
59.66.188.17,up,8
59.66.188.18,up,2
59.66.188.20,up,2
59.66.188.24,up,11
59.66.188.29,up,6
59.66.188.57,up,6
59.66.189.1,up,5
59.66.189.2,up,2
59.66.189.3,up,2
59.66.189.4,up,2
59.66.189.5,up,2
59.66.189.6,up,2
59.66.194.1,up,5
59.66.194.2,up,2
59.66.194.9,up,5
59.66.195.1,up,5
59.66.195.2,up,2
59.66.195.3,up,2
59.66.195.4,up,2
59.66.195.5,up,2
59.66.195.6,up,2
59.66.195.7,up,2
59.66.195.8,up,2
59.66.195.9,up,2
59.66.195.10,up,2
59.66.195.11,up,2
59.66.195.15,up,2
59.66.195.42,up,3
59.66.195.52,up,13
59.66.196.1,up,5
59.66.196.2,up,2
59.66.196.3,up,2
59.66.196.4,up,2
59.66.196.5,up,2
59.66.196.6,up,2
59.66.196.7,up,2
59.66.196.8,up,2
59.66.196.9,up,2
59.66.196.10,up,2
59.66.196.11,up,2
59.66.196.15,up,2
59.66.196.17,up,2
59.66.196.18,up,4
59.66.196.26,up,7
59.66.196.80,up,5
59.66.197.1,up,5
59.66.197.2,up,2
59.66.197.3,up,2
59.66.197.4,up,2
59.66.197.5,up,2
59.66.197.6,up,2
59.66.197.18,up,2
59.66.197.28,up,7
59.66.197.43,up,6
59.66.198.1,up,5
59.66.198.2,up,2
59.66.198.3,up,2
59.66.198.4,up,2
59.66.198.5,up,2
59.66.198.6,up,2
59.66.198.7,up,2
59.66.198.8,up,2
59.66.198.9,up,2
59.66.198.10,up,2
59.66.198.11,up,2
59.66.198.14,up,2
59.66.198.22,up,6
59.66.198.24,up,9
59.66.198.31,up,3
59.66.199.1,up,5
59.66.199.2,up,2
59.66.199.3,up,2
59.66.199.4,up,2
59.66.199.5,up,2
59.66.199.6,up,2
59.66.199.7,up,2
59.66.199.8,up,2
59.66.199.16,up,12
59.66.199.17,up,6
59.66.199.18,up,2
59.66.199.20,up,10
59.66.199.25,up,8
59.66.199.26,up,5
59.66.199.28,up,9
59.66.199.30,up,9
59.66.200.1,up,5
59.66.200.2,up,2
59.66.200.3,up,2
59.66.200.4,up,2
59.66.200.5,up,2
59.66.200.6,up,2
59.66.200.7,up,2
59.66.200.8,up,2
59.66.200.9,up,2
59.66.200.10,up,2
59.66.200.11,up,2
59.66.200.22,up,2
59.66.200.23,up,2
59.66.200.28,up,2
59.66.200.31,up,13
59.66.200.34,up,2
59.66.200.35,up,3
59.66.200.41,up,2
59.66.200.42,up,4
59.66.200.44,up,2
59.66.200.48,up,2
59.66.200.53,up,4
59.66.200.62,up,2
59.66.200.76,up,1000
59.66.200.92,up,2
59.66.201.1,up,5
59.66.201.2,up,2
59.66.201.3,up,2
59.66.201.4,up,2
59.66.201.5,up,2
59.66.201.6,up,2
59.66.201.7,up,2
59.66.201.8,up,2
59.66.201.9,up,2
59.66.201.10,up,2
59.66.201.11,up,2
59.66.201.22,up,2
59.66.201.24,up,3
59.66.201.27,up,3
59.66.201.30,up,2
59.66.201.31,up,5
59.66.201.38,up,5
59.66.201.41,up,14
59.66.201.44,up,4
59.66.201.47,up,2
59.66.201.52,up,7
59.66.201.54,up,3
59.66.201.82,up,2
59.66.202.1,up,5
59.66.202.2,up,2
59.66.202.3,up,2
59.66.204.27,up,2
59.66.204.28,up,2
59.66.204.36,up,2
59.66.204.37,up,10
59.66.204.42,up,2
59.66.204.46,up,2
59.66.204.49,up,2
59.66.205.1,up,5
59.66.205.2,up,2
59.66.205.3,up,2
59.66.205.4,up,2
59.66.205.5,up,2
59.66.205.6,up,2
59.66.205.7,up,2
59.66.205.8,up,2
59.66.205.9,up,2
59.66.205.10,up,2
59.66.205.11,up,2
59.66.205.25,up,2
59.66.205.28,up,10
59.66.205.30,up,2
59.66.205.32,up,2
59.66.205.41,up,2
59.66.205.49,up,4
59.66.205.58,up,2
59.66.205.60,up,2
59.66.205.81,up,7
59.66.206.1,up,5
59.66.206.2,up,2
59.66.206.3,up,2
59.66.206.4,up,2
59.66.206.5,up,2
59.66.206.6,up,2
59.66.206.7,up,2
59.66.206.8,up,2
59.66.206.9,up,2
59.66.206.10,up,2
59.66.206.11,up,2
59.66.206.27,up,2
59.66.206.28,up,2
59.66.206.29,up,9
59.66.206.31,up,3
59.66.206.35,up,3
59.66.206.44,up,2
59.66.206.46,up,3
59.66.206.47,up,2
59.66.206.51,up,2
59.66.206.52,up,2
59.66.206.80,up,2
59.66.207.1,up,5
59.66.207.2,up,2
59.66.207.3,up,2
59.66.207.4,up,2
59.66.207.5,up,2
59.66.207.6,up,2
59.66.207.7,up,2
59.66.207.8,up,2
59.66.207.25,up,2
59.66.207.28,up,4
59.66.207.36,up,3
59.66.207.42,up,1
59.66.207.43,up,2
59.66.207.48,up,20
59.66.207.53,up,10
59.66.207.59,up,2
59.66.207.60,up,5
59.66.207.70,up,5
59.66.208.1,up,5
59.66.208.2,up,2
59.66.208.3,up,2
59.66.208.4,up,2
59.66.208.5,up,2
59.66.208.6,up,2
59.66.208.7,up,2
59.66.208.8,up,2
59.66.208.10,up,2
59.66.208.11,up,2
59.66.208.26,up,2
59.66.208.33,up,13
59.66.208.40,up,3
59.66.208.44,up,2
59.66.208.51,up,2
59.66.208.71,up,2
59.66.208.74,up,2
59.66.209.1,up,5
59.66.209.2,up,2
59.66.209.3,up,2
59.66.209.4,up,2
59.66.209.5,up,2
59.66.209.6,up,2
59.66.209.7,up,2
59.66.209.8,up,2
59.66.209.9,up,2
59.66.209.10,up,2
59.66.209.11,up,2
59.66.209.28,up,2
59.66.209.33,up,1
59.66.209.40,up,9
59.66.209.42,up,2
59.66.209.60,up,3
59.66.210.1,up,5
59.66.210.2,up,2
59.66.210.3,up,2
59.66.210.4,up,2
59.66.210.5,up,2
59.66.210.6,up,2
59.66.210.7,up,2
59.66.210.8,up,2
59.66.210.9,up,2
59.66.210.10,up,2
59.66.210.11,up,2
59.66.210.25,up,2
59.66.210.46,up,6
59.66.210.55,up,4
59.66.210.61,up,1
59.66.211.1,up,5
59.66.211.2,up,2
59.66.211.3,up,2
59.66.211.5,up,2
59.66.211.6,up,2
59.66.211.7,up,2
59.66.211.8,up,2
59.66.211.9,up,2
59.66.211.10,up,2
59.66.211.11,up,2
59.66.211.22,up,11
59.66.211.26,up,2
59.66.211.29,up,2
59.66.211.43,up,2
59.66.211.51,up,10
59.66.211.65,up,0
59.66.211.74,up,2
59.66.212.1,up,5
59.66.212.2,up,2
59.66.212.3,up,2
59.66.212.5,up,2
59.66.212.6,up,2
59.66.212.7,up,2
59.66.212.8,up,2
59.66.212.9,up,2
59.66.212.10,up,2
59.66.212.11,up,2
59.66.212.24,up,4
59.66.212.28,up,15
59.66.212.34,up,2
59.66.212.50,up,5
59.66.212.84,up,2
59.66.213.1,up,5
59.66.213.2,up,2
59.66.213.3,up,2
59.66.213.4,up,2
59.66.213.5,up,2
59.66.213.6,up,2
59.66.213.7,up,2
59.66.213.8,up,2
59.66.213.9,up,2
59.66.213.10,up,2
59.66.213.11,up,2
59.66.213.23,up,2
59.66.213.24,up,2
59.66.213.27,up,13
59.66.213.32,up,2
59.66.213.33,up,2
59.66.213.34,up,4
59.66.213.36,up,2
59.66.220.4,up,2
59.66.220.5,up,2
59.66.220.6,up,2
59.66.220.7,up,2
59.66.220.8,up,2
59.66.220.9,up,2
59.66.220.10,up,2
59.66.220.13,up,2
59.66.220.25,up,2
59.66.220.29,up,2
59.66.220.37,up,4
59.66.220.45,up,2
59.66.220.54,up,3
59.66.220.65,up,4
59.66.221.1,up,5
59.66.221.2,up,2
59.66.221.3,up,2
59.66.221.4,up,2
59.66.221.5,up,2
59.66.221.6,up,2
59.66.221.7,up,2
59.66.221.8,up,2
59.66.221.9,up,2
59.66.221.10,up,2
59.66.221.11,up,2
59.66.222.1,up,5
59.66.222.2,up,2
59.66.222.3,up,2
59.66.222.4,up,2
59.66.222.5,up,2
59.66.222.6,up,2
59.66.222.7,up,2
59.66.222.8,up,2
59.66.222.9,up,2
59.66.222.10,up,2
59.66.222.11,up,2
59.66.222.22,up,2
59.66.222.24,up,2
59.66.222.25,up,2
59.66.222.28,up,2
59.66.223.1,up,5
59.66.223.2,up,2
59.66.223.3,up,2
59.66.223.4,up,2
59.66.223.5,up,2
59.66.223.31,up,5
59.66.223.127,up,6
59.66.224.1,up,5
59.66.224.2,up,2
59.66.224.3,up,2
59.66.224.4,up,2
59.66.224.5,up,2
59.66.224.6,up,2
59.66.224.7,up,2
59.66.224.8,up,2
59.66.224.9,up,2
59.66.224.10,up,2
59.66.224.11,up,2
59.66.224.26,up,3
59.66.224.28,up,5
59.66.224.30,up,3
59.66.224.37,up,2
59.66.224.45,up,23
59.66.224.48,up,2
59.66.224.49,up,2
59.66.224.57,up,4
59.66.224.60,up,2
59.66.224.64,up,2
59.66.225.1,up,5
59.66.225.2,up,2
59.66.225.3,up,2
59.66.225.4,up,2
59.66.225.5,up,2
59.66.225.6,up,2
59.66.225.7,up,2
59.66.225.9,up,2
59.66.225.10,up,2
59.66.225.11,up,2
59.66.225.22,up,2
59.66.225.28,up,11
59.66.225.36,up,2
59.66.225.37,up,3
59.66.225.51,up,2
59.66.226.1,up,5
59.66.226.2,up,2
59.66.226.3,up,2
59.66.226.4,up,2
59.66.226.5,up,2
59.66.226.6,up,2
59.66.226.7,up,2
59.66.226.8,up,2
59.66.226.9,up,2
59.66.226.10,up,2
59.66.226.11,up,2
59.66.226.24,up,4
59.66.226.41,up,3
59.66.226.43,up,1
59.66.226.49,up,2
59.66.227.1,up,5
59.66.227.2,up,2
59.66.227.3,up,2
59.66.227.4,up,2
59.66.227.5,up,2
59.66.227.6,up,2
59.66.227.7,up,2
59.66.227.8,up,2
59.66.227.9,up,2
59.66.227.10,up,2
59.66.227.11,up,2
59.66.227.25,up,3
59.66.227.31,up,2
59.66.227.37,up,3
59.66.227.42,up,2
59.66.227.47,up,2
59.66.227.54,up,5
59.66.227.59,up,2
59.66.227.71,up,2
59.66.228.1,up,5
59.66.228.2,up,2
59.66.228.3,up,2
59.66.228.4,up,2
59.66.228.5,up,2
59.66.228.6,up,2
59.66.228.7,up,2
59.66.228.8,up,2
59.66.228.9,up,2
59.66.228.10,up,2
59.66.228.26,up,3
59.66.228.34,up,11
59.66.228.38,up,4
59.66.229.1,up,5
59.66.229.2,up,2
59.66.229.3,up,2
59.66.229.4,up,2
59.66.229.5,up,2
59.66.229.6,up,2
59.66.229.7,up,2
59.66.229.8,up,2
59.66.229.9,up,2
59.66.229.10,up,2
59.66.229.11,up,2
59.66.229.23,up,2
59.66.229.27,up,2
59.66.229.33,up,2
59.66.229.37,up,14
59.66.229.38,up,20
59.66.230.1,up,5
59.66.230.2,up,2
59.66.230.3,up,2
59.66.230.4,up,2
59.66.230.5,up,2
59.66.230.6,up,2
59.66.230.7,up,2
59.66.230.8,up,2
59.66.230.9,up,2
59.66.230.10,up,2
59.66.230.11,up,2
59.66.230.26,up,2
59.66.230.28,up,2
59.66.230.31,up,2
59.66.230.38,up,2
59.66.230.43,up,2
59.66.231.2,up,2
59.66.231.3,up,2
59.66.231.4,up,2
59.66.231.5,up,2
59.66.231.35,up,15
59.66.231.147,up,6
59.66.232.2,up,2
59.66.232.3,up,2
59.66.232.4,up,2
59.66.232.5,up,2
59.66.232.6,up,2
59.66.232.7,up,2
59.66.232.8,up,2
59.66.232.9,up,2
59.66.232.10,up,2
59.66.232.11,up,2
59.66.232.22,up,2
59.66.232.23,up,2
59.66.233.1,up,5
59.66.233.2,up,2
59.66.233.3,up,2
59.66.233.4,up,2
59.66.233.5,up,2
59.66.233.6,up,2
59.66.233.7,up,2
59.66.233.8,up,2
59.66.233.9,up,2
59.66.233.10,up,2
59.66.233.11,up,2
59.66.233.22,up,2
59.66.233.24,up,5
59.66.234.1,up,5
59.66.234.2,up,2
59.66.234.3,up,2
59.66.234.4,up,2
59.66.234.5,up,2
59.66.234.6,up,2
59.66.234.7,up,2
59.66.234.8,up,2
59.66.234.9,up,2
59.66.234.10,up,2
59.66.234.11,up,2
59.66.235.1,up,5
59.66.235.2,up,2
59.66.235.13,up,2
59.66.235.111,up,6
59.66.236.1,up,5
59.66.236.2,up,2
59.66.236.3,up,2
59.66.236.4,up,2
59.66.236.5,up,2
59.66.236.6,up,2
59.66.236.7,up,2
59.66.236.8,up,2
59.66.236.9,up,2
59.66.236.10,up,2
59.66.236.11,up,2
59.66.236.24,up,2
59.66.236.48,up,3
59.66.237.1,up,5
59.66.237.2,up,2
59.66.237.3,up,2
59.66.237.4,up,2
59.66.237.5,up,2
59.66.237.6,up,2
59.66.237.7,up,2
59.66.237.8,up,2
59.66.237.9,up,2
59.66.237.10,up,2
59.66.237.11,up,2
59.66.237.28,up,2
59.66.237.31,up,2
59.66.237.33,up,4
59.66.237.41,up,2
59.66.237.47,up,2
59.66.237.54,up,2
59.66.238.1,up,5
59.66.238.2,up,2
59.66.238.3,up,2
59.66.238.4,up,2
59.66.238.5,up,2
59.66.238.28,up,2
59.66.238.248,up,6
59.66.240.1,up,5
59.66.240.2,up,2
59.66.240.3,up,2
59.66.240.4,up,2
59.66.240.5,up,2
59.66.240.6,up,2
59.66.240.7,up,2
59.66.240.8,up,2
59.66.240.9,up,2
59.66.240.10,up,2
59.66.240.11,up,2
59.66.240.39,up,2
59.66.240.43,up,2
59.66.240.45,up,2
59.66.240.46,up,2
59.66.240.52,up,4
59.66.240.55,up,15
59.66.241.1,up,5
59.66.241.2,up,2
59.66.241.3,up,2
59.66.241.4,up,2
59.66.241.5,up,2
59.66.241.6,up,2
59.66.241.7,up,2
59.66.241.8,up,2
59.66.241.9,up,2
59.66.241.10,up,2
59.66.241.11,up,2
59.66.241.22,up,2
59.66.241.37,up,2
59.66.241.43,up,2
59.66.242.1,up,5
59.66.242.2,up,2
59.66.242.3,up,2
59.66.242.4,up,2
59.66.242.5,up,2
59.66.242.6,up,2
59.66.242.7,up,2
59.66.242.29,up,2
59.66.242.30,up,2
59.66.242.31,up,3
59.66.242.32,up,2
59.66.242.37,up,2
59.66.242.40,up,2
59.66.242.150,up,6
59.66.244.1,up,5
59.66.244.2,up,2
59.66.244.3,up,2
59.66.244.4,up,2
59.66.244.5,up,2
59.66.244.6,up,2
59.66.244.7,up,2
59.66.244.8,up,2
59.66.244.9,up,2
59.66.244.10,up,2
59.66.244.11,up,2
59.66.244.26,up,2
59.66.244.30,up,15
59.66.244.31,up,2
59.66.244.36,up,2
59.66.245.1,up,5
59.66.245.2,up,2
59.66.245.3,up,2
59.66.245.4,up,2
59.66.245.5,up,2
59.66.245.6,up,2
59.66.245.7,up,2
59.66.245.8,up,2
59.66.245.9,up,2
59.66.245.11,up,2
59.66.245.22,up,2
59.66.245.24,up,2
59.66.245.33,up,10
59.66.245.35,up,14
59.66.246.1,up,5
59.66.246.2,up,2
59.66.246.3,up,2
59.66.246.4,up,2
59.66.246.5,up,2
59.66.246.6,up,2
59.66.246.7,up,2
59.66.246.8,up,2
59.66.246.9,up,2
59.66.246.25,up,3
59.66.246.32,up,2
59.66.246.151,up,6
59.66.248.65,up,5
59.66.250.1,up,5
59.66.250.2,up,4
59.66.250.3,up,1
59.66.250.4,up,1
59.66.250.5,up,1
59.66.250.6,up,1
59.66.250.7,up,1
59.66.250.8,up,1
59.66.250.9,up,1
59.66.250.10,up,1
59.66.250.23,up,4
59.66.250.24,up,7
59.66.250.32,up,2
59.66.250.34,up,0
59.66.250.40,up,0
59.66.250.42,up,1
59.66.250.48,up,7
59.66.250.54,up,0
59.66.250.58,up,1
59.66.250.61,up,7
59.66.250.63,up,1
59.66.250.64,up,2
59.66.250.67,up,0
59.66.250.74,up,3
59.66.250.86,up,2
59.66.250.97,up,4
59.66.250.238,up,3
59.66.250.253,up,2
59.66.251.1,up,5
59.66.251.8,up,4
59.66.251.27,up,4
59.66.251.60,up,20
59.66.251.65,up,4
59.66.251.82,up,4
59.66.251.107,up,0
59.66.251.113,up,4
59.66.251.117,up,4
59.66.251.120,up,8
59.66.251.121,up,5
59.66.251.122,up,8
59.66.251.123,up,6
